symbol_clean,classification,trades,unique_accounts,unique_symbols,total_pnl,avg_pnl,median_pnl,win_rate,total_volume_usd,avg_size_usd,avg_leverage,total_fee
@107,Greed,13687,22,1,2587376.564906,189.0389833349894,0.633446,56.18470081098853,30173298.28,2204.52241396946,,2449.8748774
HYPE,Fear,57236,19,1,1835060.747135,32.061303150726815,0.0,42.01900901530505,124207450.58,2170.0931333426515,,22524.827524
ETH,Fear,5372,14,1,1445276.334934,269.0387816332837,0.0,46.388682055100524,65122075.29,12122.500984735667,,9390.179868
SOL,Fear,7004,16,1,1372564.68248,195.96868681896058,0.0,41.233580810965165,81716466.38,11667.113989149057,,17570.02566
BTC,Fear,16168,18,1,552113.8401799999,34.14855518184067,0.0,35.66303809995052,350316795.91,21667.29316613063,,78999.26853
MELANIA,Fear,3322,9,1,316800.569532,95.36440985310054,0.0,33.59422034918724,5637548.21,1697.0343798916315,,761.598833
ENA,Fear,651,3,1,204461.099217,314.0723490276498,0.0,33.6405529953917,1059976.15,1628.2275729646697,,204.146899
@107,Fear,13698,22,1,189520.969669,13.835667226529422,0.0,39.52401810483282,23617533.77,1724.1592765367207,,3254.77536095
ZRO,Neutral,1146,2,1,143808.737013,125.48755411256545,0.0,33.246073298429316,884554.39,771.8624694589878,,151.459204
SUI,Fear,1142,5,1,127961.864611,112.05066953677758,0.0,44.30823117338004,4702498.16,4117.774220665499,,1177.073015
DOGE,Fear,348,5,1,126661.56937699999,363.97002694540225,0.0,45.689655172413794,650306.04,1868.6955172413793,,215.305363
BTC,Greed,2299,11,1,104565.592788,45.48307646280991,0.0,33.710308829926056,38360577.72,16685.766733362332,,11862.122286
BERA,Fear,1050,10,1,79782.246587,75.98309198761905,0.37393200000000004,51.8095238095238,2048113.5,1950.5842857142857,,356.278784
HYPE,Greed,5210,8,1,76270.31735699999,14.639216383301342,0.0,38.63723608445297,8599874.84,1650.6477619961613,,802.043316
SUI,Greed,701,4,1,70053.87455,99.93420049928672,0.0,43.509272467902996,2907959.2399999998,4148.301340941512,,773.230626
USUAL,Fear,440,5,1,64521.198101,146.63908659318182,0.0,42.04545454545455,605576.67,1376.3106136363638,,130.376236
TRUMP,Fear,1323,11,1,58707.766254,44.374728839002266,0.0,41.118669690098265,5135718.61,3881.8734769463344,,1231.660249
PURR/USDC,Greed,1311,8,1,57785.313834,44.07727981235698,1.02328,52.250190694126616,319634.26,243.8095041952708,,139.67894
EIGEN,Greed,237,3,1,51711.520477,218.19206952320675,0.0,16.033755274261605,326368.85,1377.0837552742614,,42.509312
ETHFI,Neutral,311,1,1,43929.006074,141.2508233890675,0.0,39.87138263665595,769716.13,2474.9714790996786,,253.150573
JUP,Fear,482,4,1,43436.877623,90.11800336721991,0.0,36.92946058091287,1258123.89,2610.215539419087,,438.966023
KBONK,Extreme Greed,417,1,1,36250.180852,86.93088933333333,22.89856,88.48920863309353,1950733.73,4678.018537170264,,-1.0566889999999987
ZRO,Greed,23,1,1,36165.56933,1572.416057826087,1147.561968,100.0,165648.12,7202.092173913044,,57.976841
AVAX,Fear,119,5,1,36061.514473,303.0379367478992,0.335016,51.26050420168067,283938.4,2386.0369747899163,,77.737176
JELLY,Fear,992,1,1,35193.716244,35.47753653629032,12.481434,80.94758064516128,2193971.31,2211.664627016129,,341.111631
AIXBT,Fear,627,7,1,33705.211957,53.756318910685806,2.447603,61.24401913875598,857067.38,1366.933620414673,,214.466896
ETH,Greed,1965,15,1,24185.154077,12.30796645139949,0.0,26.412213740458014,18451253.86,9389.951073791348,,3618.742265
VIRTUAL,Fear,487,4,1,21378.396346,43.89814444763861,2.959492,60.98562628336756,1226144.05,2517.7495893223822,,376.045595
ANIME,Fear,660,5,1,21317.258031,32.29887580454545,0.0,32.57575757575758,590255.83,894.3270151515151,,153.981422
LAYER,Fear,292,4,1,20496.4351,70.19327089041096,0.0,21.91780821917808,806061.99,2760.4862671232877,,202.671736
ZEREBRO,Fear,589,3,1,19583.675366,33.24902439049236,7.17606,87.43633276740238,1201895.18,2040.5690662139218,,170.193623
PURR/USDC,Fear,1228,6,1,17430.660455,14.194348904723128,0.0,24.348534201954397,1084199.2,882.8983713355049,,1356.547561
@85,Greed,60,2,1,16966.719764,282.77866273333336,0.0,35.0,24622.54,410.3756666666667,,7.39375844
MOODENG,Greed,95,2,1,16045.851424,168.9036992,0.0,35.78947368421053,159638.89,1680.4093684210527,,55.532655
DOGE,Extreme Greed,165,2,1,15561.431532,94.31170625454546,15.61875,89.6969696969697,989372.85,5996.199090909091,,46.532835
KPEPE,Extreme Greed,220,2,1,15468.44568,70.31111672727273,13.641838,65.9090909090909,1234737.94,5612.4451818181815,,74.704903
WLD,Extreme Greed,209,1,1,15083.999684,72.17224729186603,12.3432,90.9090909090909,898620.27,4299.618516746412,,16.762197
ONDO,Extreme Greed,262,1,1,13999.536764,53.43334642748092,16.57953,81.29770992366412,874413.18,3337.4548854961836,,60.611303
NEAR,Extreme Greed,201,1,1,13924.711916,69.27717371144279,20.13996,94.5273631840796,811027.9,4034.9646766169153,,33.741063
PURR,Fear,823,3,1,13841.417246,16.818246957472663,2.544009,68.65127582017011,709565.21,862.1691494532199,,91.04433
RNDR,Extreme Greed,137,1,1,13527.472602,98.7406759270073,24.68422,90.51094890510949,602251.92,4395.999416058395,,-5.112958
EIGEN,Fear,83,3,1,13394.150317,161.37530502409638,24.4222,65.06024096385542,81095.09,977.0492771084337,,11.457815
ME,Fear,478,2,1,13244.873228,27.708939807531383,0.0,34.10041841004184,233437.98,488.3639748953975,,34.860771
TAO,Fear,511,6,1,13238.494724,25.907034684931507,0.159068,59.295499021526425,650777.47,1273.5371232876712,,96.985142
PURR,Greed,349,3,1,12897.029759000001,36.95423999713467,1.705935,70.20057306590259,379910.8,1088.5696275071632,,44.622064
ENA,Greed,339,3,1,12868.404337,37.95989479941003,0.0,26.843657817109147,565424.35,1667.918436578171,,72.280979
AVAX,Greed,74,3,1,12193.563357,164.77788320270272,0.0,48.64864864864865,110782.41,1497.0595945945947,,25.107992
WIF,Extreme Greed,158,1,1,11438.629848,72.39639144303798,17.939331000000003,89.87341772151899,483412.77,3059.574493670886,,28.447021999999997
FARTCOIN,Greed,386,4,1,11284.113123,29.233453686528495,3.5524,76.68393782383419,624511.89,1617.906450777202,,170.477495
PNUT,Greed,98,1,1,11027.704582,112.5275977755102,5.3934999999999995,65.3061224489796,229279.94,2339.591224489796,,63.740361
SEI,Fear,162,3,1,10880.55573,67.16392425925926,2.86902,76.5432098765432,934543.14,5768.784814814815,,272.34268399999996
BTC,Neutral,217,2,1,10485.300779,48.31935842857143,0.0,34.56221198156682,1375886.79,6340.492119815668,,481.310018
@85,Fear,72,2,1,9539.420245,132.4919478472222,0.0,30.555555555555557,24411.96,339.055,,4.88056635
ARB,Fear,94,5,1,9355.769067,99.52945815957446,0.0,24.46808510638298,86382.01,918.9575531914893,,11.616473000000001
AAVE,Greed,227,4,1,9034.607012,39.80003088986784,0.0,39.20704845814978,598866.78,2638.1796475770925,,198.646739
TIA,Fear,68,3,1,8131.289748,119.57779041176471,0.0,36.76470588235294,114191.41,1679.2854411764706,,24.055675
WLD,Neutral,796,1,1,7968.3847,10.010533542713567,0.0,39.07035175879397,844634.34,1061.0984170854272,,272.277322
GOAT,Greed,90,2,1,7944.0705,88.26745,10.0087075,64.44444444444444,370438.39,4115.982111111111,,129.195005
AI16Z,Fear,526,5,1,7903.747996,15.026136874524715,0.386304,54.372623574144484,626556.64,1191.172319391635,,104.944387
TURBO,Greed,49,2,1,7623.480459,155.58123385714288,0.6004,55.10204081632652,139109.15,2838.962244897959,,40.769413
JTO,Fear,128,3,1,7431.126405,58.0556750390625,0.0,45.3125,334509.08,2613.3521875,,99.346233
GRIFFAIN,Fear,552,5,1,7290.563754,13.207543032608696,4.2427575,71.73913043478261,580814.59,1052.2003442028986,,81.508334
PENDLE,Fear,1020,2,1,6966.110874,6.829520464705882,0.0,48.92156862745098,404677.57,396.7427156862745,,126.483281
FTM,Extreme Greed,60,1,1,6893.5180119999995,114.89196686666666,31.896085,85.0,445993.07,7433.217833333333,,35.368909
KPEPE,Greed,722,4,1,5825.356566,8.068360894736843,0.0,32.27146814404433,639165.14,885.2702770083102,,189.335706
INJ,Extreme Greed,76,2,1,5784.055,76.10598684210527,6.4792,69.73684210526315,340709.81,4483.023815789474,,16.105415
APE,Greed,446,1,1,5676.327808,12.727192394618834,0.0,32.062780269058294,422420.94,947.1321524663678,,138.14234
OP,Fear,104,2,1,5675.022559,54.56752460576923,0.0,34.61538461538461,135376.2,1301.694230769231,,18.153729000000002
SPX,Fear,90,2,1,5612.831099,62.36478998888889,5.330404,77.77777777777779,289426.51,3215.8501111111113,,35.788356
ONDO,Fear,1191,5,1,5583.888141,4.688403141057935,0.0,40.80604534005038,843783.9,708.4667506297229,,110.79243
LTC,Fear,104,3,1,5447.424033,52.37907724038462,2.5468035,64.42307692307693,335631.75,3227.2283653846152,,74.322531
@109,Fear,18,4,1,5386.516521,299.2509178333333,423.7029745,72.22222222222221,5632.96,312.9422222222222,,3.992105
DOGE,Greed,313,8,1,5320.155625,16.99730231629393,0.0,30.35143769968051,812424.5700000001,2595.6056549520767,,260.386091
FTT,Fear,601,1,1,5113.865098,8.508926951747089,0.0,40.765391014975044,158954.52,264.48339434276204,,37.33216
USUAL,Greed,158,2,1,5110.7451360000005,32.346488202531646,1.995,87.34177215189874,356612.7,2257.0424050632914,,46.613021
PENGU,Fear,847,6,1,4990.631955,5.892127455726092,0.0,41.44037780401417,988663.53,1167.253282172373,,263.763319
@142,Fear,335,7,1,4826.391083,14.40713756119403,0.0,30.149253731343283,1414171.4,4221.407164179104,,103.4380754528
VINE,Fear,811,3,1,4777.252708,5.890570540073982,0.0,38.964241676942045,676727.95,834.4364364981503,,120.803947
ZETA,Extreme Greed,239,1,1,4617.29366,19.319220334728033,9.115274,94.14225941422593,313486.4,1311.6585774058578,,6.197994
ILV,Greed,110,2,1,4392.963602,39.93603274545455,0.0,46.36363636363636,201982.57,1836.205181818182,,49.058838
WLD,Greed,334,3,1,4325.449757,12.950448374251497,0.0,30.83832335329341,510336.3,1527.952994011976,,168.78891
RUNE,Fear,222,3,1,4228.797488,19.048637333333335,3.49676,58.108108108108105,461337.32,2078.096036036036,,69.891977
RENDER,Greed,169,2,1,4033.180854,23.864975467455622,0.81443,52.662721893491124,123041.3,728.0550295857988,,35.959203
MEME,Extreme Greed,42,2,1,4008.65389,95.44414023809524,32.262269,76.19047619047619,141362.87,3365.782619047619,,9.582391
KBONK,Greed,237,4,1,3926.672547,16.56823859493671,0.0,44.72573839662447,289253.33999999997,1220.4782278481011,,91.640549
PNUT,Fear,484,4,1,3797.399374,7.845866475206612,0.6926464999999999,81.19834710743802,730362.86,1509.014173553719,,164.349399
MAVIA,Fear,189,2,1,3775.923644,19.978431978835978,2.571464,70.8994708994709,223267.74,1181.3107936507936,,31.498416
CHILLGUY,Greed,147,4,1,3592.30437,24.43744469387755,0.863993,53.06122448979592,202035.62,1374.3919727891157,,29.470038
ZRO,Fear,63,3,1,3461.772046,54.948762634920634,3.29392,71.42857142857143,162281.6,2575.898412698413,,24.432579999999998
WLD,Fear,273,1,1,3449.37812,12.635084688644689,0.0,31.868131868131865,232662.11,852.2421611721611,,74.459986
TST,Fear,165,1,1,3357.994369,20.351481024242425,0.56,55.757575757575765,490758.53,2974.2941212121214,,55.336389
ALT,Fear,126,2,1,3315.350174,26.31230296825397,6.781092,71.42857142857143,221187.79,1755.4586507936508,,61.730281
XRP,Fear,1399,12,1,3272.246304999999,2.3389894960686197,0.0,31.236597569692638,5115072.41,3656.2347462473194,,634.302941
BLUR,Extreme Greed,32,1,1,3051.77917,95.3680990625,20.889560000000003,78.125,109184.34000000001,3412.0106250000003,,24.163391
IP,Fear,469,5,1,3043.288104,6.488887215351813,0.204668,54.37100213219617,477338.87,1017.7801066098081,,60.948891
POPCAT,Fear,329,4,1,2884.941016,8.768817677811551,0.0,34.34650455927052,302555.12,919.6204255319149,,82.272981
ME,Greed,10,1,1,2767.02671,276.702671,36.311615,80.0,82767.39,8276.739,,8.874559999999999
ACE,Extreme Greed,25,1,1,2760.71491,110.4285964,131.6067,92.0,72261.42,2890.4568,,-1.445217
MOVE,Fear,101,3,1,2680.29906,26.537614455445542,7.478213,87.12871287128714,127452.6,1261.9069306930694,,18.121268
APE,Extreme Greed,29,1,1,2665.441806,91.9117864137931,13.218345,55.172413793103445,136114.51,4693.603793103449,,-2.722273
TIA,Greed,186,4,1,2624.405233,14.10970555376344,0.0,47.31182795698925,480961.21,2585.8129569892476,,118.350492
@59,Fear,35,2,1,2557.105607,73.0601602,0.0,22.857142857142858,19868.89,567.6825714285715,,3.2856874499999997
ALT,Extreme Greed,123,2,1,2555.35237,20.775222520325205,4.63358,58.536585365853654,231321.81,1880.6651219512196,,-1.475869
OP,Extreme Greed,63,1,1,2396.96776,38.0471073015873,5.88,90.47619047619048,202393.85,3212.6007936507935,,24.077619000000002
VVV,Fear,85,2,1,2212.897418,26.034087270588234,9.88,78.82352941176471,213572.86000000002,2512.621882352941,,29.261099
TIA,Extreme Greed,38,3,1,2143.4042799999997,56.40537578947368,0.0,23.684210526315788,151531.97,3987.6834210526317,,27.253908
JUP,Extreme Greed,70,1,1,2086.378863,29.80541232857143,15.4473,95.71428571428572,152093.02,2172.7574285714286,,19.842359000000002
SAND,Fear,169,1,1,2073.560524,12.269588899408284,0.0,28.402366863905325,81700.82,483.43680473372785,,27.689865
RENDER,Fear,58,2,1,2036.523907,35.11248115517241,0.30541,51.724137931034484,104640.71,1804.1501724137931,,25.252629
TAO,Greed,41,2,1,1900.454066,46.35253819512195,0.991666,60.97560975609756,90430.71,2205.627073170732,,16.366991
RUNE,Extreme Greed,69,1,1,1899.7633720000001,27.532802492753625,0.78848,66.66666666666666,128458.31,1861.7146376811593,,3.080541
TNSR,Greed,249,1,1,1872.036407,7.5182185020080325,0.0,30.120481927710845,172688.13,693.5266265060241,,57.940113
BIGTIME,Extreme Greed,45,1,1,1839.73937,40.88309711111111,4.97475,71.11111111111111,117267.14,2605.9364444444445,,8.110339
MAVIA,Extreme Greed,16,1,1,1801.5562400000001,112.59726500000001,15.813846999999999,68.75,33960.149999999994,2122.5093749999996,,0.537393
TNSR,Fear,129,1,1,1772.627704,13.741300031007752,0.0,43.41085271317829,60800.63,471.3227131782946,,21.280152
HBAR,Greed,170,2,1,1738.505561,10.2265033,0.0,41.76470588235294,54978.76,323.4044705882353,,16.889169
NTRN,Extreme Greed,65,2,1,1711.3687009999999,26.328749246153844,15.2292,81.53846153846153,129457.98,1991.6612307692308,,8.424309000000001
@4,Neutral,668,1,1,1655.7840410000001,2.4787186242514974,0.0,11.676646706586826,63370.62,94.86619760479043,,11.091133
SCR,Greed,32,1,1,1612.97536,50.40548,31.60801,65.625,49793.18,1556.036875,,17.427599999999998
KFLOKI,Greed,31,1,1,1556.721213,50.21681332258065,9.985665,58.06451612903226,35870.94,1157.1270967741937,,12.47073
FTT,Greed,941,1,1,1512.902413,1.6077602688629118,0.0,30.605738575983,222012.0,235.93198724760893,,56.948197
STX,Extreme Greed,42,1,1,1484.61133,35.34788880952381,11.178239999999999,92.85714285714286,110903.95,2640.570238095238,,7.090707
COMP,Greed,86,2,1,1479.9831900000001,17.209106860465116,0.5819205000000001,61.627906976744185,102931.91,1196.8826744186047,,19.134757
APT,Fear,64,3,1,1470.173505,22.971461015625,0.0,40.625,144552.95,2258.63984375,,21.772418
HPOS,Greed,25,1,1,1452.742134,58.10968536,16.38954,56.00000000000001,33725.4,1349.016,,6.406359999999999
W,Neutral,564,1,1,1413.272196,2.5058017659574467,0.0,32.801418439716315,294954.8,522.9695035460993,,85.621655
ADA,Greed,251,3,1,1398.426398,5.571419912350598,0.0,34.66135458167331,138521.62,551.8789641434263,,40.765304
MANTA,Extreme Greed,10,1,1,1392.3068899999998,139.23068899999998,29.698795,80.0,72308.6,7230.860000000001,,-0.23166299999999995
SOL,Neutral,129,3,1,1355.263422,10.505918,0.0,41.86046511627907,232665.63,1803.609534883721,,79.897178
COMP,Fear,9,1,1,1334.414834,148.26831488888888,0.0,44.44444444444444,10737.4,1193.0444444444445,,3.455933
BADGER,Extreme Greed,19,1,1,1297.018477,68.26413036842105,35.104212,78.94736842105263,92592.20999999999,4873.274210526315,,8.888837
GRASS,Fear,143,4,1,1276.792756,8.928620671328671,0.621,55.24475524475524,76075.77,531.9983916083917,,18.390721
APE,Fear,150,1,1,1273.541492,8.490276613333334,0.0,30.0,67029.52,446.8634666666667,,23.460281
KAITO,Fear,249,6,1,1231.689389,4.946543730923694,0.0,41.76706827309237,704731.78,2830.2481124497995,,192.895322
AAVE,Fear,195,4,1,1205.045279,6.179719379487179,0.0,27.692307692307693,145605.01,746.692358974359,,37.533549
BNB,Fear,112,5,1,1183.1256,10.563621428571428,0.0,39.285714285714285,171738.99,1533.3838392857142,,55.879633
CHILLGUY,Fear,68,2,1,1135.490216,16.698385529411762,3.7538599999999995,61.76470588235294,64844.700000000004,953.5985294117647,,12.631472
KBONK,Fear,76,2,1,1133.6943549999999,14.917030986842104,0.0,43.42105263157895,125113.03,1646.2240789473683,,21.655601
PYTH,Greed,55,1,1,1118.5681419999999,20.337602581818178,0.0,29.09090909090909,296149.44,5384.535272727273,,74.037324
PENDLE,Extreme Greed,33,1,1,1101.6328,33.382812121212126,19.5489,87.87878787878788,79335.92,2404.1187878787878,,2.065981
XAI,Extreme Greed,8,1,1,1074.213807,134.276725875,9.804045,75.0,64998.32,8124.79,,-0.21026599999999984
KPEPE,Fear,214,6,1,1032.421808,4.824400971962617,0.0,36.44859813084112,143981.24,672.8095327102803,,41.857345
JUP,Neutral,87,1,1,1030.245916,11.841907080459771,3.103282,56.32183908045977,81408.59,935.7309195402298,,28.492989
YGG,Fear,26,2,1,1006.36071,38.70618115384615,3.80895,65.38461538461539,49242.950000000004,1893.9596153846155,,6.10527
VIRTUAL,Greed,13,1,1,1005.93385,77.37952692307692,10.74554,84.61538461538461,61451.520000000004,4727.04,,6.857747
LINK,Fear,194,4,1,984.83618,5.0764751546391755,0.0,41.23711340206185,104788.43,540.1465463917525,,30.069563
TNSR,Neutral,281,1,1,952.232564,3.3887279857651245,0.0,44.48398576512456,140467.61000000002,499.8847330960855,,36.413433
BRETT,Greed,129,2,1,934.203695,7.241889108527132,6.306,61.240310077519375,141451.25,1096.5213178294573,,28.352036
MATIC,Extreme Greed,10,1,1,915.560676,91.55606759999999,11.039875,60.0,40927.98,4092.7980000000002,,9.991524
ILV,Extreme Greed,40,1,1,899.009143,22.475228575,0.0,27.500000000000004,116417.52,2910.438,,-0.287673
SOL,Extreme Greed,40,1,1,719.674543,17.991863575,0.0,30.0,510797.23,12769.93075,,93.21599499999999
TRX,Greed,80,1,1,670.1615039999999,8.377018799999998,0.0,13.750000000000002,73744.58,921.8072500000001,,19.918613999999998
SUI,Extreme Greed,4,1,1,667.48026,166.870065,45.585930000000005,75.0,18447.06,4611.765,,-0.368938
GMX,Fear,27,3,1,637.578396,23.614014666666666,0.0,48.148148148148145,17811.62,659.6896296296296,,5.276039
POLYX,Extreme Greed,14,1,1,618.133683,44.15240592857143,16.09632,92.85714285714286,32669.5,2333.535714285714,,3.13626
BLAST,Greed,51,1,1,616.090138,12.080198784313726,0.0,35.294117647058826,20852.5,408.87254901960785,,6.646404
PROMPT,Fear,27,1,1,599.92581,22.219474444444444,15.0241,96.29629629629629,42600.52,1577.797037037037,,6.582375
CAKE,Fear,41,1,1,594.282727,14.494700658536585,0.0,21.951219512195124,20620.48,502.93853658536585,,5.34264
PYTH,Fear,88,3,1,593.672754,6.746281295454546,0.0,37.5,108608.18,1234.1838636363636,,27.011115
MEME,Greed,43,1,1,540.829202,12.577423302325581,0.0,27.906976744186046,24329.65,565.8058139534884,,8.515365
HPOS,Extreme Greed,96,1,1,524.8535760000001,5.467224750000001,0.0,39.58333333333333,40199.9,418.74895833333335,,8.024987
KSHIB,Extreme Greed,2,1,1,500.554796,250.277398,250.277398,50.0,2500.78,1250.39,,0.625193
@1,Greed,25,2,1,495.667559,19.82670236,0.0,44.0,3066.92,122.6768,,0.44088129
SUSHI,Greed,86,1,1,494.196189,5.746467313953488,0.0,31.3953488372093,35614.4,414.1209302325582,,11.306401
XRP,Greed,375,5,1,484.65516,1.29241376,0.0,36.0,228138.12,608.36832,,67.544986
IMX,Extreme Greed,9,2,1,456.69075,50.74341666666666,7.84785,77.77777777777779,6870.56,763.3955555555556,,1.562054
@125,Greed,27,6,1,452.715904,16.767255703703704,0.0,33.33333333333333,5693.45,210.8685185185185,,1.4741702700000001
CAKE,Extreme Greed,17,2,1,428.564024,25.209648470588235,15.30188,70.58823529411765,18265.09,1074.4170588235295,,-0.051964000000000024
TNSR,Extreme Greed,27,1,1,422.54312000000004,15.649745185185187,0.52948,74.07407407407408,39781.57,1473.3914814814814,,3.854504
MORPHO,Fear,40,2,1,421.871013,10.546775325,4.130405,72.5,69483.86,1737.0965,,21.126048
DYDX,Greed,30,1,1,412.325778,13.7441926,0.6606945,53.333333333333336,29996.28,999.876,,8.158857
PIXEL,Extreme Greed,23,1,1,405.89459999999997,17.647591304347824,8.06008,69.56521739130434,34839.78,1514.773043478261,,-0.69679
@74,Greed,9,5,1,371.633249,41.29258322222222,10.214577,55.55555555555556,383.36,42.595555555555556,,0.413268
PEOPLE,Extreme Greed,2,1,1,360.646005,180.3230025,180.3230025,50.0,1360.49,680.245,,0.340123
PAXG,Fear,561,1,1,348.466232,0.6211519286987522,0.0,36.898395721925134,1484302.85,2645.8161319073083,,225.062272
POPCAT,Neutral,56,1,1,341.877629,6.104957660714286,0.0,37.5,32267.55,576.20625,,11.293622
ZRO,Extreme Greed,7,1,1,341.7053,48.81504285714286,39.2104,85.71428571428571,1341.31,191.6157142857143,,0.200378
USTC,Extreme Greed,4,1,1,333.339015,83.33475375,36.8608245,50.0,2185.84,546.46,,0.546456
UNIBOT,Extreme Greed,4,1,1,325.055769,81.26394225,19.8200225,50.0,2333.2599999999998,583.3149999999999,,0.583313
LINK,Greed,142,3,1,309.161454,2.177193338028169,0.0,41.54929577464789,281402.76,1981.7095774647887,,71.451742
KPEPE,Neutral,42,2,1,303.75797900000003,7.232332833333334,0.0,45.23809523809524,26186.36,623.484761904762,,8.332707
IO,Fear,58,2,1,294.471369,5.077092568965517,0.0,44.827586206896555,18523.16,319.3648275862069,,6.367801
UNI,Fear,50,2,1,291.051262,5.82102524,0.0,22.0,36395.72,727.9144,,12.298292
@37,Greed,10,3,1,288.682161,28.8682161,0.0,40.0,1805.04,180.504,,26.027346
SHIA,Extreme Greed,5,1,1,273.568643,54.7137286,5.76534,60.0,1279.06,255.81199999999998,,0.31976
KBONK,Neutral,136,1,1,258.211307,1.898612551470588,0.011558,50.73529411764706,107448.6,790.0632352941177,,27.886006
APT,Greed,40,1,1,245.44495999999998,6.136124,0.0,12.5,65397.99,1634.94975,,14.745217
AAVE,Neutral,109,1,1,226.464568,2.0776565871559636,0.0,38.53211009174312,74599.08,684.3952293577981,,26.109631
LOOM,Extreme Greed,5,1,1,215.057055,43.011410999999995,0.0,40.0,1715.72,343.144,,0.525466
FET,Extreme Greed,47,1,1,212.1121,4.5130234042553194,0.0,44.680851063829785,105309.69,2240.6317021276595,,17.408748
ETC,Extreme Greed,5,1,1,205.04848,41.009696000000005,38.32488,60.0,1928.3799999999999,385.676,,0.482094
AR,Extreme Greed,13,1,1,203.38219999999998,15.644784615384614,14.89132,84.61538461538461,10309.88,793.0676923076923,,0.557876
FXS,Fear,42,1,1,200.253738,4.767946142857143,0.0,40.476190476190474,18294.43,435.58166666666665,,5.007045
GOAT,Fear,14,2,1,198.87064,14.205045714285715,0.0,35.714285714285715,5678.13,405.5807142857143,,1.9600170000000001
MINA,Extreme Greed,8,1,1,198.7045,24.8380625,12.5314,87.5,12246.55,1530.81875,,0.21217700000000003
CYBER,Extreme Greed,2,1,1,191.5296,95.7648,95.7648,50.0,1191.71,595.855,,0.297926
ARB,Greed,32,4,1,181.202182,5.6625681875,0.0,40.625,120601.42,3768.794375,,28.997678
STG,Extreme Greed,7,1,1,179.54376000000002,25.649108571428574,6.52026,71.42857142857143,10728.33,1532.6185714285714,,-0.214564
LTC,Greed,87,1,1,178.719491,2.054247022988506,0.070213,51.724137931034484,7585.8,87.19310344827586,,2.654993
HBAR,Fear,68,3,1,171.002503,2.5147426911764703,0.600732,51.470588235294116,21010.27,308.97455882352943,,7.164962
@8,Neutral,217,2,1,163.30807900000002,0.7525717926267282,0.0,4.6082949308755765,35161.25,162.03341013824885,,309.350065
REZ,Fear,28,2,1,163.08528,5.824474285714286,0.000118,50.0,12262.95,437.96250000000003,,3.892454
RSR,Fear,26,1,1,160.127816,6.158762153846154,1.1382255000000001,73.07692307692307,19222.63,739.3319230769231,,6.237669
W,Fear,20,2,1,150.367467,7.51837335,1.943325,70.0,7736.28,386.81399999999996,,2.371448
INJ,Greed,82,1,1,135.723398,1.6551633902439025,0.42998749999999997,58.536585365853654,7092.83,86.4979268292683,,2.482441
LDO,Fear,38,2,1,131.176151,3.4520039736842105,0.0,34.21052631578947,15190.64,399.7536842105263,,5.267803
LINK,Neutral,9,1,1,127.77326,14.197028888888887,0.0,44.44444444444444,50167.37,5574.152222222223,,17.558577
PENGU,Greed,67,2,1,126.532973,1.8885518358208955,0.0,38.80597014925373,19922.27,297.34731343283585,,5.832074
BLUR,Greed,6,1,1,126.443496,21.073916,18.52448,50.0,50129.39,8354.898333333333,,12.532345
DYDX,Fear,116,2,1,125.19375099999999,1.079256474137931,0.0,9.482758620689655,366795.46,3162.029827586207,,123.362563
TIA,Neutral,30,1,1,122.398993,4.079966433333333,0.0,30.0,18166.64,605.5546666666667,,6.081073
MKR,Fear,75,2,1,121.799513,1.6239935066666666,0.0,40.0,20802.95,277.3726666666667,,4.200859
GMT,Extreme Greed,2,1,1,121.08594,60.54297,60.54297,50.0,1121.19,560.595,,0.280297
RUNE,Greed,31,1,1,115.828263,3.7363955806451616,0.0,29.03225806451613,82554.75,2663.0564516129034,,20.638676
PYTH,Extreme Greed,6,1,1,111.878376,18.646396,2.0163,50.0,14883.130000000001,2480.521666666667,,5.209091
DYM,Extreme Greed,13,1,1,104.35005000000001,8.026926923076925,0.0,23.076923076923077,13895.39,1068.8761538461538,,1.5838839999999998
LDO,Greed,52,3,1,102.090609,1.9632809423076922,0.0423065,50.0,11614.55,223.35673076923075,,3.679968
ZK,Greed,56,1,1,99.656693,1.7795838035714286,0.320021,53.57142857142857,3515.14,62.770357142857144,,1.230279
ORDI,Neutral,39,1,1,99.593622,2.5536826153846155,0.0,48.717948717948715,19765.6,506.8102564102564,,6.751743
STX,Greed,33,1,1,99.274662,3.0083230909090912,0.0,42.42424242424242,19167.07,580.820303030303,,6.440105
BLUR,Neutral,24,1,1,98.921512,4.121729666666667,3.304596,100.0,12095.06,503.9608333333333,,2.28954
BABY,Fear,3,1,1,98.7298,32.909933333333335,0.00676,66.66666666666666,3903.33,1301.11,,0.854964
DOT,Fear,27,3,1,97.641804,3.6163631111111108,0.029141,51.85185185185185,149343.89,5531.255185185186,,39.896409999999996
DOT,Greed,47,1,1,95.846089,2.039278489361702,0.7185,61.702127659574465,4640.7,98.73829787234042,,1.495489
GALA,Fear,21,1,1,95.008145,4.524197380952381,0.0,23.809523809523807,4178.66,198.98380952380953,,1.462524
AI,Fear,51,3,1,94.826156,1.8593363921568626,0.01018,54.90196078431373,16491.09,323.35470588235296,,5.126133
BADGER,Greed,95,1,1,92.711006,0.9759053263157894,0.0,29.47368421052631,43185.87,454.5881052631579,,12.662909
MANTA,Greed,86,1,1,91.342016,1.062116465116279,0.0,43.02325581395349,5795.3,67.38720930232559,,2.02831
ATOM,Greed,77,1,1,88.081144,1.143910961038961,0.0,44.15584415584416,7222.09,93.79337662337663,,2.527685
SUSHI,Extreme Greed,7,1,1,82.05869199999998,11.722670285714283,0.0,14.285714285714285,9520.5,1360.0714285714287,,2.380123
STRK,Greed,27,1,1,79.041422,2.927460074074074,1.669064,66.66666666666666,2240.34,82.97555555555556,,0.784114
BIO,Fear,19,1,1,78.286164,4.120324421052632,0.578704,57.89473684210527,1755.07,92.37210526315789,,0.614266
RLB,Extreme Greed,4,1,1,75.947736,18.986934,13.48935,50.0,1914.8,478.7,,0.4787
GMT,Fear,45,3,1,72.01779099999999,1.6003953555555552,0.323973,51.11111111111111,9662.57,214.72377777777777,,3.334485
GALA,Greed,18,1,1,70.341155,3.9078419444444443,0.0,33.33333333333333,13787.81,765.9894444444444,,4.825717
@53,Greed,3,2,1,67.86470700000001,22.621569000000004,32.544379,66.66666666666666,69.77000000000001,23.25666666666667,,0.022143
@35,Neutral,4,2,1,67.028127,16.75703175,7.6705445,50.0,68.30000000000001,17.075000000000003,,0.022919
GMX,Neutral,57,1,1,61.855318,1.0851810175438596,0.0,45.614035087719294,31000.71,543.8721052631579,,9.115053
GAS,Extreme Greed,2,1,1,60.6139,30.30695,30.30695,50.0,739.53,369.765,,0.184881
IMX,Greed,37,1,1,56.5469,1.5282945945945947,0.248921,56.75675675675676,3050.36,82.44216216216216,,1.067603
MOODENG,Fear,10,1,1,53.369283,5.3369283,0.31916,50.0,1278.11,127.81099999999999,,0.447336
BLUR,Fear,14,1,1,53.276787,3.8054847857142855,0.0,42.857142857142854,3053.16,218.08285714285714,,1.068598
FTM,Greed,21,1,1,51.859231,2.4694871904761904,0.0,38.095238095238095,16436.54,782.692380952381,,5.223033
MYRO,Extreme Greed,13,1,1,51.19653,3.9381946153846155,4.4288,92.3076923076923,46780.82,3598.5246153846156,,-0.935611
@138,Fear,4,2,1,50.950684,12.737671,9.765152,100.0,109.53999999999999,27.384999999999998,,0.036803
@47,Neutral,4,2,1,50.313458,12.5783645,10.4351685,50.0,51.14,12.785,,0.017169
BADGER,Fear,76,1,1,50.00375,0.6579440789473684,0.0,25.0,17938.06,236.02710526315792,,5.067268
UNI,Extreme Greed,2,1,1,45.71704,22.85852,22.85852,50.0,4046.7799999999997,2023.3899999999999,,1.011695
SAND,Greed,11,1,1,43.786454000000006,3.980586727272728,0.0,36.36363636363637,6453.52,586.6836363636364,,2.048497
ARB,Extreme Greed,13,1,1,40.527412,3.1174932307692305,0.0,30.76923076923077,100060.73999999999,7696.98,,25.015176
RNDR,Neutral,39,1,1,38.849956,0.996152717948718,0.239,56.41025641025641,17540.44,449.75487179487175,,5.086917
@103,Greed,6,3,1,38.558036,6.426339333333334,7.231177000000001,66.66666666666666,40.0,6.666666666666667,,0.013415999999999999
@41,Neutral,3,2,1,36.73844,12.246146666666666,0.0,33.33333333333333,37.29,12.43,,0.003574
SUPER,Fear,10,1,1,35.197902,3.5197902,0.0,40.0,1293.37,129.337,,0.45267399999999997
NEIROETH,Fear,2,1,1,34.161578,17.080789,17.080789,50.0,409.70000000000005,204.85000000000002,,0.143393
@38,Neutral,2,1,1,33.271993,16.6359965,16.6359965,50.0,33.4,16.7,,0.011208
@31,Greed,2,1,1,33.212273,16.6061365,16.6061365,50.0,33.61,16.805,,0.011291
GMT,Greed,33,1,1,31.808706,0.9639001818181818,0.0,36.36363636363637,46063.49,1395.8633333333332,,16.122204
WIF,Neutral,19,1,1,29.251901,1.5395737368421052,0.0,31.57894736842105,11350.82,597.4115789473684,,3.141559
SUSHI,Fear,13,1,1,29.187044,2.2451572307692307,0.0,46.15384615384615,2190.02,168.46307692307693,,0.766505
TURBO,Neutral,9,1,1,29.025653,3.2250725555555553,0.0,33.33333333333333,3800.09,422.2322222222222,,1.330028
@100,Greed,4,2,1,27.627142,6.9067855,3.2514945,50.0,42.67,10.6675,,0.0448066
@109,Greed,2,2,1,27.567619,13.7838095,13.7838095,50.0,37.7,18.85,,0.347736
IMX,Fear,7,1,1,26.97839,3.8540557142857144,0.0,42.857142857142854,1304.14,186.3057142857143,,0.456449
ARK,Extreme Greed,5,1,1,26.13828,5.2276560000000005,5.72344,80.0,526.71,105.34200000000001,,0.13167600000000002
BRETT,Fear,10,1,1,24.083668,2.4083668,0.0,30.0,1806.93,180.693,,0.6324179999999999
MEW,Fear,4,1,1,21.696792000000002,5.4241980000000005,2.199476,50.0,866.28,216.57,,0.303192
MEME,Fear,6,1,1,20.803526,3.4672543333333334,0.917241,50.0,1366.8,227.79999999999998,,0.47837799999999997
APE,Neutral,37,1,1,20.49431,0.5539002702702702,0.0,27.027027027027028,22035.17,595.5451351351351,,7.5768699999999995
ALGO,Fear,5,1,1,18.611919999999998,3.7223839999999995,3.95538,60.0,869.0899999999999,173.81799999999998,,0.30418
DYM,Fear,6,1,1,18.541293,3.0902155,0.183222,50.0,868.94,144.82333333333335,,0.304124
POPCAT,Greed,4,2,1,18.3943,4.598575,0.0,25.0,1458.85,364.7125,,0.510597
YGG,Greed,4,1,1,17.577084,4.394271,2.499735,50.0,2203.11,550.7775,,0.771083
ILV,Fear,9,1,1,17.13201,1.9035566666666668,0.0,22.22222222222222,1313.43,145.93666666666667,,0.45969
FET,Greed,2,1,1,17.0533,8.52665,8.52665,50.0,981.4300000000001,490.71500000000003,,0.343497
ZEN,Greed,13,1,1,17.009293,1.308407153846154,0.422576,61.53846153846154,5974.67,459.59000000000003,,2.007479
@113,Greed,4,2,1,16.92622,4.231555,0.7152565,50.0,42.28,10.57,,1.451161
@40,Neutral,2,1,1,16.748319,8.3741595,8.3741595,50.0,17.58,8.79,,0.005904
BLAST,Fear,8,2,1,16.296086000000003,2.0370107500000003,0.5326515,50.0,1550.15,193.76875,,0.542548
@93,Greed,1,1,1,15.954796,15.954796,15.954796,100.0,16.33,16.33,,0.004899
@36,Greed,2,1,1,15.663073,7.8315365,7.8315365,50.0,16.09,8.045,,0.005407
NEAR,Greed,11,1,1,15.643231,1.4221119090909091,0.0,45.45454545454545,763.3,69.39090909090909,,0.26715
BNB,Greed,34,2,1,14.687721999999997,0.4319918235294117,0.0,41.17647058823529,223407.79,6570.817352941177,,78.16481300000001
BNB,Neutral,6,1,1,14.42765,2.4046083333333335,0.0,33.33333333333333,6645.67,1107.6116666666667,,2.325981
@33,Greed,3,1,1,13.566929,4.522309666666667,0.212241,66.66666666666666,15.14,5.046666666666667,,0.005082
USTC,Fear,46,1,1,13.354154999999999,0.29030771739130434,0.0,43.47826086956522,8662.5,188.31521739130434,,3.031841
LDO,Neutral,7,1,1,12.700209,1.8143155714285712,0.0,28.57142857142857,3649.07,521.2957142857143,,1.277171
STRK,Fear,5,1,1,12.392563,2.4785126,0.66555,60.0,931.2,186.24,,0.325919
NEAR,Fear,6,1,1,12.257292,2.042882,0.0882,50.0,983.86,163.97666666666666,,0.344344
BOME,Fear,8,1,1,12.248102000000001,1.5310127500000001,0.0,25.0,1319.38,164.9225,,0.461778
@39,Neutral,2,1,1,12.238556,6.119278,6.119278,50.0,12.57,6.285,,0.004224
MEW,Greed,8,1,1,10.765288,1.345661,1.591392,62.5,439.03000000000003,54.878750000000004,,0.15365499999999999
@37,Fear,2,1,1,10.17704,5.08852,5.08852,50.0,45.94,22.97,,1.04745
UNI,Greed,5,1,1,8.084583,1.6169166000000001,0.0,40.0,2987.99,597.598,,1.0039639999999999
W,Greed,4,1,1,6.375082,1.5937705,1.556405,50.0,2992.7999999999997,748.1999999999999,,1.005576
KNEIRO,Fear,5,1,1,5.319437000000001,1.0638874,0.0,40.0,882.27,176.454,,0.308792
ZETA,Fear,6,2,1,5.307841,0.8846401666666667,0.0,33.33333333333333,482.17999999999995,80.36333333333333,,0.168147
RSR,Greed,6,1,1,5.303512,0.8839186666666666,0.339472,50.0,354.61,59.10166666666667,,0.124111
REQ,Fear,19,1,1,4.947336,0.2603861052631579,0.077562,68.42105263157895,2277.65,119.8763157894737,,0.511849
NEAR,Neutral,2,1,1,4.7394,2.3697,2.3697,50.0,90.44,45.22,,0.018965
@20,Neutral,39,1,1,4.738087999999999,0.12148943589743588,0.0,5.128205128205128,1087.94,27.89589743589744,,814.484598
@117,Greed,3,2,1,4.631689,1.5438963333333333,0.0,33.33333333333333,14.77,4.923333333333333,,0.05505500000000001
LISTA,Fear,2,1,1,4.46974,2.23487,2.23487,50.0,1994.73,997.365,,0.6702250000000001
KFLOKI,Fear,2,1,1,4.08395,2.041975,2.041975,50.0,439.8,219.9,,0.15392699999999998
MEME,Neutral,2,1,1,2.584983,1.2924915,1.2924915,50.0,397.15,198.575,,0.089681
MYRO,Fear,2,1,1,2.28114,1.14057,1.14057,50.0,441.52,220.76,,0.154533
YGG,Neutral,4,1,1,1.986852,0.496713,0.0,25.0,996.62,249.155,,0.34881799999999996
HPOS,Fear,4,1,1,1.7418200000000001,0.43545500000000004,0.25636,50.0,437.63,109.4075,,0.15317
DYDX,Neutral,5,1,1,1.644956,0.32899120000000004,0.0,40.0,441.74,88.348,,0.15460400000000002
JTO,Neutral,2,1,1,1.5568,0.7784,0.7784,50.0,213.66,106.83,,0.074779
@116,Greed,2,2,1,1.473232,0.736616,0.736616,50.0,11.59,5.795,,5.783927
@114,Greed,1,1,1,1.309077,1.309077,1.309077,100.0,1.32,1.32,,0.000396
@1,Fear,9,2,1,1.078679000000001,0.11985322222222233,0.0,22.22222222222222,594.77,66.08555555555556,,0.15392045999999998
ARK,Fear,31,3,1,1.051008000000003,0.03390348387096784,0.0,45.16129032258064,9584.949999999999,309.1919354838709,,2.770912
@3,Neutral,23,1,1,0.462514,0.020109304347826085,0.0,8.695652173913043,575.81,25.035217391304347,,4.421376
GMT,Neutral,2,1,1,0.2668,0.1334,0.1334,50.0,221.39,110.695,,0.077485
@116,Fear,3,2,1,0.249717,0.083239,0.0,33.33333333333333,0.26,0.08666666666666667,,8.6e-05
ATOM,Fear,2,1,1,0.15312,0.07656,0.07656,50.0,443.76,221.88,,0.155316
MAV,Extreme Greed,2,1,1,0.0189,0.00945,0.00945,50.0,21.049999999999997,10.524999999999999,,0.007071
SEI,Extreme Greed,4,1,1,0.00345,0.0008625,0.0,25.0,49.34,12.335,,0.011838999999999999
@103,Fear,1,1,1,0.0,0.0,0.0,0.0,0.0,0.0,,0.0
@24,Neutral,1,1,1,0.0,0.0,0.0,0.0,0.0,0.0,,0.0
@28,Greed,1,1,1,0.0,0.0,0.0,0.0,0.96,0.96,,0.0
@32,Neutral,1,1,1,0.0,0.0,0.0,0.0,0.01,0.01,,0.0
@33,Neutral,1,1,1,0.0,0.0,0.0,0.0,0.04,0.04,,0.0
PURR/USDC,Extreme Greed,163,4,1,0.0,0.0,0.0,0.0,132939.78,815.581472392638,,264.611729
PURR/USDC,Neutral,67,4,1,0.0,0.0,0.0,0.0,105454.44,1573.9468656716417,,83.6513
@48,Neutral,1,1,1,0.0,0.0,0.0,0.0,0.68,0.68,,0.0
@28,Neutral,1,1,1,0.0,0.0,0.0,0.0,0.78,0.78,,0.0
@30,Neutral,1,1,1,0.0,0.0,0.0,0.0,0.69,0.69,,0.0
@23,Fear,34,1,1,0.0,0.0,0.0,0.0,5218.84,153.49529411764706,,1.10649763
@18,Neutral,1,1,1,0.0,0.0,0.0,0.0,0.46,0.46,,0.0
@2,Neutral,3,3,1,0.0,0.0,0.0,0.0,0.05,0.016666666666666666,,0.0
@19,Neutral,2,2,1,0.0,0.0,0.0,0.0,0.81,0.405,,0.0
@17,Neutral,1,1,1,0.0,0.0,0.0,0.0,0.0,0.0,,0.0
STX,Fear,53,1,1,0.0,0.0,0.0,0.0,43803.99,826.4903773584905,,4.380375
@31,Neutral,1,1,1,0.0,0.0,0.0,0.0,0.0,0.0,,0.0
@25,Neutral,1,1,1,0.0,0.0,0.0,0.0,0.65,0.65,,0.0
@21,Neutral,1,1,1,0.0,0.0,0.0,0.0,0.94,0.94,,0.0
@4,Fear,11,1,1,0.0,0.0,0.0,0.0,4980.2699999999995,452.7518181818181,,0.24769
@61,Neutral,1,1,1,0.0,0.0,0.0,0.0,0.62,0.62,,0.0
@123,Greed,163,1,1,0.0,0.0,0.0,0.0,400024.33,2454.136993865031,,4.20183797
@14,Greed,1,1,1,0.0,0.0,0.0,0.0,0.84,0.84,,0.0
@15,Neutral,2,2,1,0.0,0.0,0.0,0.0,1.11,0.555,,0.0
@14,Neutral,16,1,1,0.0,0.0,0.0,0.0,848.44,53.0275,,343.66645
@86,Greed,1,1,1,0.0,0.0,0.0,0.0,10.17,10.17,,0.00020994
@93,Fear,1,1,1,0.0,0.0,0.0,0.0,0.0,0.0,,0.0
@7,Neutral,1,1,1,0.0,0.0,0.0,0.0,0.03,0.03,,0.0
@68,Greed,1,1,1,0.0,0.0,0.0,0.0,10.09,10.09,,0.00314588
@6,Neutral,1,1,1,0.0,0.0,0.0,0.0,0.03,0.03,,0.0
@53,Neutral,1,1,1,0.0,0.0,0.0,0.0,0.0,0.0,,0.0
@113,Fear,1,1,1,0.0,0.0,0.0,0.0,0.0,0.0,,0.0
@114,Fear,1,1,1,0.0,0.0,0.0,0.0,0.0,0.0,,0.0
@12,Neutral,1,1,1,0.0,0.0,0.0,0.0,0.01,0.01,,0.0
@117,Fear,1,1,1,0.0,0.0,0.0,0.0,0.0,0.0,,0.0
@59,Greed,11,1,1,0.0,0.0,0.0,0.0,4753.64,432.14909090909094,,0.14345639
@78,Fear,15,1,1,0.0,0.0,0.0,0.0,6550.37,436.6913333333333,,0.48189234
@112,Fear,1,1,1,0.0,0.0,0.0,0.0,0.0,0.0,,0.0
@12,Greed,2,1,1,0.0,0.0,0.0,0.0,8.9,4.45,,0.002989
@11,Neutral,1,1,1,0.0,0.0,0.0,0.0,0.61,0.61,,0.0
@44,Neutral,3,3,1,0.0,0.0,0.0,0.0,0.77,0.25666666666666665,,0.0
@38,Greed,1,1,1,0.0,0.0,0.0,0.0,0.73,0.73,,0.0
@46,Neutral,3,3,1,0.0,0.0,0.0,0.0,0.5700000000000001,0.19000000000000003,,0.0
@45,Greed,1,1,1,0.0,0.0,0.0,0.0,0.54,0.54,,0.0
@42,Neutral,1,1,1,0.0,0.0,0.0,0.0,0.74,0.74,,0.0
@37,Neutral,1,1,1,0.0,0.0,0.0,0.0,0.0,0.0,,0.0
@34,Neutral,2,2,1,0.0,0.0,0.0,0.0,0.81,0.405,,0.0
@36,Neutral,1,1,1,0.0,0.0,0.0,0.0,0.01,0.01,,0.0
@38,Fear,6,1,1,0.0,0.0,0.0,0.0,504.54,84.09,,23.85402
@41,Greed,2,2,1,0.0,0.0,0.0,0.0,0.95,0.475,,0.0
@24,Greed,2,1,1,-0.002936,-0.001468,-0.001468,0.0,2.71,1.355,,0.0009090000000000001
CANTO,Extreme Greed,2,1,1,-0.042,-0.021,-0.021,0.0,20.27,10.135,,0.004862
@16,Neutral,4,2,1,-0.060429,-0.01510725,0.0,0.0,35.9,8.975,,0.012048999999999999
@10,Neutral,4,2,1,-0.063484,-0.015871,0.0,0.0,37.31,9.3275,,0.012517
@29,Neutral,6,2,1,-0.078374,-0.013062333333333334,-0.0055505,0.0,23.73,3.955,,0.007962
@13,Neutral,3,1,1,-0.12379,-0.04126333333333333,0.0,0.0,52.86000000000001,17.62,,0.017757000000000002
TON,Greed,22,1,1,-0.15074600000000027,-0.006852090909090921,-0.074497,18.181818181818183,33188.24,1508.5563636363636,,11.615881
ALGO,Greed,2,1,1,-0.2484,-0.1242,-0.1242,0.0,2998.5200000000004,1499.2600000000002,,1.007501
@26,Neutral,10,2,1,-0.25801799999999997,-0.025801799999999996,-0.0234365,0.0,24.62,2.462,,0.008246
@8,Greed,59,2,1,-0.58755,-0.009958474576271187,0.0,0.0,9648.400000000001,163.53220338983053,,157.238187
@2,Greed,2,1,1,-0.907946,-0.453973,-0.453973,0.0,999.8299999999999,499.91499999999996,,131.04356700000002
BIGTIME,Fear,6,1,1,-1.1952,-0.19920000000000002,0.0,0.0,445.0,74.16666666666667,,0.155744
TON,Neutral,2,1,1,-1.40304,-0.70152,-0.70152,0.0,22.53,11.265,,0.007569
IOTA,Fear,7,1,1,-2.454844,-0.350692,0.0,0.0,12495.93,1785.1328571428571,,4.373569
MERL,Neutral,2,1,1,-3.17364,-1.58682,-1.58682,0.0,96.53,48.265,,0.020469
@40,Greed,7,1,1,-4.598636,-0.656948,0.0,14.285714285714285,396.36,56.62285714285714,,5.004352
@51,Greed,5,1,1,-5.320433,-1.0640866,0.0,0.0,103.37,20.674,,0.01163287
ENS,Extreme Greed,4,1,1,-7.121359999999999,-1.7803399999999998,-0.5194265,0.0,20014.59,5003.6475,,5.003645
TON,Fear,6,1,1,-16.544924,-2.7574873333333336,-0.10093849999999999,0.0,20601.51,3433.5849999999996,,7.210528
BNT,Greed,10,1,1,-17.60528,-1.760528,-0.57873,20.0,5828.41,582.841,,2.039937
@63,Fear,2,1,1,-20.663546,-10.331773,-10.331773,0.0,59.95,29.975,,0.02052089
MNT,Greed,8,1,1,-21.057177,-2.632147125,0.0,12.5,1340.22,167.5275,,0.46907299999999996
GRASS,Greed,58,4,1,-23.51976699999998,-0.4055132241379307,0.5928995,51.724137931034484,80839.75,1393.7887931034484,,20.518581
JTO,Greed,4,1,1,-24.632033999999997,-6.158008499999999,-4.576103,0.0,21195.28,5298.82,,5.298819
FTM,Fear,8,1,1,-29.211025000000003,-3.6513781250000004,0.0,12.5,1675.6200000000001,209.45250000000001,,0.312469
@95,Greed,2,1,1,-29.438061,-14.7190305,-14.7190305,0.0,120.78,60.39,,1.132768
FIL,Greed,5,1,1,-35.27859,-7.055718000000001,-0.11286,0.0,19806.989999999998,3961.3979999999997,,4.951744000000001
@51,Fear,190,2,1,-37.27303,-0.19617384210526315,0.0,0.0,16741.98,88.11568421052631,,5.08970808
KSHIB,Greed,13,2,1,-39.824881999999995,-3.063452461538461,0.0,30.76923076923077,16946.91,1303.6084615384616,,5.931415
@49,Neutral,5,1,1,-40.712216999999995,-8.1424434,-5.191848,0.0,959.28,191.856,,0.37440680000000004
@83,Greed,32,2,1,-42.843649,-1.33886403125,0.0,0.0,1377.34,43.041875,,0.36756422
@151,Fear,24,3,1,-48.868567999999996,-2.0361903333333333,0.0,0.0,25311.1,1054.6291666666666,,0.575920208
CRV,Fear,125,1,1,-50.098479,-0.40078783199999996,0.0,36.0,43164.94,345.31952,,15.032691
@112,Greed,6,3,1,-52.114723999999995,-8.685787333333332,0.0,33.33333333333333,759.63,126.605,,5.9003179999999995
@9,Greed,3,2,1,-58.564889,-19.521629666666666,0.0,0.0,242.32,80.77333333333333,,1.8389963
EIGEN,Neutral,10,1,1,-74.818442,-7.4818442,0.0,0.0,10317.59,1031.759,,3.6111459999999997
BANANA,Extreme Greed,8,1,1,-81.48518800000001,-10.185648500000001,-7.276936,0.0,1078.52,134.815,,0.26962600000000003
@125,Fear,2,2,1,-82.451337,-41.2256685,-41.2256685,0.0,37.96,18.98,,0.012754
NTRN,Greed,34,1,1,-109.60954600000002,-3.223810176470589,0.0,17.647058823529413,118914.32,3497.48,,29.728565
MOVE,Greed,21,1,1,-117.40452400000001,-5.59069161904762,0.0,14.285714285714285,3525.96,167.90285714285716,,1.234073
@124,Greed,8,1,1,-128.603876,-16.0754845,-16.064244000000002,0.0,1173.08,146.635,,0.29957404
KSHIB,Fear,21,2,1,-181.59265,-8.647269047619048,0.0,33.33333333333333,64179.479999999996,3056.165714285714,,14.962812
CANTO,Greed,8,1,1,-188.45613000000003,-23.557016250000004,-0.81923,0.0,20112.010000000002,2514.0012500000003,,5.027999
MATIC,Greed,28,1,1,-246.629659,-8.808202107142858,0.0,14.285714285714285,190634.55,6808.376785714286,,47.658626999999996
@51,Neutral,25,2,1,-288.283113,-11.53132452,0.0,0.0,1474.59,58.983599999999996,,0.65977158
IO,Greed,80,1,1,-312.31113600000003,-3.9038892000000005,0.0,12.5,49911.89,623.898625,,16.059932
FXS,Greed,59,2,1,-322.18345,-5.460736440677966,0.0,25.423728813559322,94759.79,1606.0981355932201,,23.932672
@147,Fear,5,1,1,-350.632694,-70.1265388,-83.745867,0.0,612.5600000000001,122.51200000000001,,0.205813
OM,Fear,43,2,1,-775.0843229999999,-18.025216813953488,0.4086,58.139534883720934,13968.95,324.85930232558144,,4.657621
SEI,Greed,63,1,1,-928.030532,-14.730643365079365,0.0,31.746031746031743,329247.55,5226.151587301587,,82.311853
@83,Fear,4,2,1,-1044.789706,-261.1974265,-76.814333,0.0,49.07,12.2675,,0.016486
CRV,Greed,13,1,1,-1199.624026,-92.27877123076922,0.0,0.0,78804.88,6061.913846153847,,16.877888
ZEN,Extreme Greed,17,1,1,-1492.4,-87.78823529411765,0.0,0.0,32194.38,1893.7870588235294,,-0.643878
STRK,Extreme Greed,16,1,1,-1608.81,-100.550625,-30.869999500000002,0.0,79854.86,4990.92875,,8.993185
@4,Greed,206,2,1,-1751.748018,-8.503631155339805,-6.568981,5.339805825242718,19106.31,92.74907766990292,,6.256784
WIF,Fear,96,3,1,-2607.001882,-27.156269604166667,0.0,22.916666666666664,83656.62,871.4231249999999,,25.092586
NIL,Fear,226,2,1,-3175.273635,-14.049883340707964,0.0,7.52212389380531,481868.22,2132.1602654867256,,159.411132
SOL,Greed,1350,8,1,-3543.307636,-2.624672322962963,0.0,30.0,4485279.91,3322.4295629629632,,1239.74692
ETH,Extreme Greed,1916,4,1,-4612.848010000002,-2.4075407150313164,0.0,20.198329853862212,15117492.26,7890.131659707724,,3599.109684
AAVE,Extreme Greed,48,1,1,-5516.747475,-114.9322390625,0.0,0.0,273120.49,5690.010208333333,,44.164912
@135,Fear,1,1,1,-5981.36399,-5981.36399,-5981.36399,0.0,15.56,15.56,,0.005226
BTC,Extreme Greed,1451,3,1,-7853.4216830000005,-5.412420181254308,0.0,27.42935906271537,11572541.72,7975.562866988284,,2266.30926
S,Fear,144,3,1,-8644.845718,-60.033650819444446,-26.0304,25.694444444444443,224183.08,1556.8269444444443,,32.092767
IO,Neutral,212,1,1,-21878.886756,-103.20229601886793,0.0,9.90566037735849,184105.43,868.4218396226415,,60.969281
ADA,Fear,326,5,1,-28446.888368,-87.26039376687116,0.0,21.165644171779142,950069.77,2914.324447852761,,80.213631
ETH,Neutral,1609,4,1,-33751.218556,-20.97651867992542,0.0,34.493474207582345,16375987.27,10177.742243629584,,5585.90321
FARTCOIN,Fear,3045,9,1,-107735.352629,-35.381068186863715,0.0,34.1871921182266,4837532.81,1588.6807257799671,,1371.863237
